StartDate,EndDate,Status,IPAddress,Progress,Duration (in seconds),Finished,RecordedDate,ResponseId,RecipientLastName,RecipientFirstName,RecipientEmail,ExternalReference,LocationLatitude,LocationLongitude,DistributionChannel,UserLanguage,QID172807553,Yaşınız,Eğitim,İş,İş_6_TEXT,Gelir,Q19,Hanenizde Kaç Kişi ,Hane Gelir,Medeni Haliniz,Q3,Q4,Q13,Q14,Q16,CE1 Answer,CE2 Seçim,CE3 Seçim,CE4 Seçim,CE5 Seçim,CE6 Seçim,CE7 Seçim,CE8 Seçim,CE9 Seçim,C10 Seçim,Yurtseverlik_1,Yurtseverlik_2,Yurtseverlik_3,Yurtseverlik_4,Yurtseverlik_5,Yurtseverlik_6,Yurtseverlik_7,Yurtseverlik_8,Yurtseverlik_9,Yurtseverlik_10,Yurtseverlik_11,Yurtseverlik_12,Yurtseverlik_13,Yurtseverlik_14,Yurtseverlik_15,Yurtseverlik_16,Yurtseverlik_17,Yurtseverlik_18,Yurtseverlik_19,Yurtseverlik_20,Sekülerizm Soru_1,Sekülerizm Soru_2,Sekülerizm Soru_3,Sekülerizm Soru_4,Sekülerizm Soru_5,Sekülerizm Soru_6,Sekülerizm Soru_7,Sekülerizm Soru_8,Sekülerizm Soru_9,Sekülerizm Soru_10,Sekülerizm Soru_11,Sekülerizm Soru_12,Sekülerizm Soru_13,Sekülerizm Soru_14,Sekülerizm Soru_15,Sekülerizm Soru_16,Sekülerizm Soru_17,Sekülerizm Soru_18,Sekülerizm Soru_19,Sekülerizm Soru_20,Sekülerizm Soru_21,Sekülerizm Soru_22,Sekülerizm Soru_23,Sekülerizm Soru_24,Sekülerizm Soru_25,block_1_scenario_id,block_1_standard,block_1_paid1_duration,block_1_paid1_price,block_1_paid2_duration,block_1_paid2_price,block_1_standard_price,block_2_scenario_id,block_2_standard,block_2_paid1_duration,block_2_paid1_price,block_2_paid2_duration,block_2_paid2_price,block_2_standard_price,block_3_scenario_id,block_3_standard,block_3_paid1_duration,block_3_paid1_price,block_3_paid2_duration,block_3_paid2_price,block_3_standard_price,block_4_scenario_id,block_4_standard,block_4_paid1_duration,block_4_paid1_price,block_4_paid2_duration,block_4_paid2_price,block_4_standard_price,block_5_scenario_id,block_5_standard,block_5_paid1_duration,block_5_paid1_price,block_5_paid2_duration,block_5_paid2_price,block_5_standard_price,block_6_scenario_id,block_6_standard,block_6_paid1_duration,block_6_paid1_price,block_6_paid2_duration,block_6_paid2_price,block_6_standard_price,used_scenarios,block_7_scenario_id,block_7_standard,block_7_paid1_duration,block_7_paid1_price,block_7_paid2_duration,block_7_paid2_price,block_7_standard_price,block_8_scenario_id,block_8_standard,block_8_paid1_duration,block_8_paid1_price,block_8_paid2_duration,block_8_paid2_price,block_8_standard_price,block_9_scenario_id,block_9_standard,block_9_paid1_duration,block_9_paid1_price,block_9_paid2_duration,block_9_paid2_price,block_9_standard_price,block_10_scenario_id,block_10_standard,block_10_paid1_duration,block_10_paid1_price,block_10_paid2_duration,block_10_paid2_price,block_10_standard_price
Start Date,End Date,Response Type,IP Address,Progress,Duration (in seconds),Finished,Recorded Date,Response ID,Recipient Last Name,Recipient First Name,Recipient Email,External Data Reference,Location Latitude,Location Longitude,Distribution Channel,User Language,"SABANCI ÜNİVERSİTESİ
        Araştırma Katılım Onay Formu
    
    
    
        
        
            
                Araştırmanın Başlığı:
                [başlığı yazınız]
            
            
            
                Araştırmacı(lar):
                
                    • Hakan Mülayim
                    • M. Ataol Azeritürk
                    • İ. Berat Düzenli
                    • Giray Girengir
                
            
            
            
                Ders:
                ECON 635 – Discrete Choice Methods
            
            
            
                Ders Yürütücüsü:
                Prof. Eren İnci
            
        
        
        
            Araştırmanın Amacı
            Bu çalışma, bireylerin zorunlu askerlik konusundaki karar verme davranışlarını incelemektedir. Katılımınız, insanların farklı koşullar altında nasıl seçim yaptıklarını anlamamıza yardımcı olacaktır.
        
        
        
            Katılımın Kapsamı
            Bu araştırma kapsamında sizden [kısa bir anket doldurmanız / alternatifler arasında seçim yapmanız / bazı soruları yanıtlamanız] istenmektedir. Çalışma yaklaşık [___ dakika] sürecektir. Katılımınızın bilinen bir riski yoktur.
        
        
        
            Gönüllülük Esası
            Katılım tamamen gönüllülük esasına dayanmaktadır. İstediğiniz zaman katılımınızı sonlandırabilir veya herhangi bir soruyu yanıtsız bırakabilirsiniz. Bu durumda hiçbir olumsuz sonuçla karşılaşmazsınız.
        
        
        
            Gizlilik
            Tüm yanıtlarınız anonim olarak değerlendirilecektir. Ad, e-posta veya kimlik gibi kişisel bilgiler üçüncü kişilerle paylaşılmayacaktır. Veriler güvenli bir şekilde saklanacak ve dersin tamamlanmasının ardından silinecektir.
            
            
                İletişim Bilgileri
                
                
                    Araştırma ile ilgili sorularınız:
                    Giray Girengir (giray.girengir@sabanciuniv.edu)Hakan Mülayim (hakan.mulayim@sabanciuniv.edu)
                
                
                
                    Katılımcı hakları ile ilgili endişeleriniz:
                    Prof. Eren İnci (ereninci@sabanciuniv.edu)
                
            
        
        
        
            Aşağıdaki onay butonuna tıklayarak, bu araştırmanın amacını anladığınızı ve gönüllü olarak katılmayı kabul ettiğinizi belirtmiş oluyorsunuz.",Yaşınız,Eğitim Seviyeniz,Çalışma Durumunuz - Selected Choice,Çalışma Durumunuz - Diğer - Text,Hane Gelir Seviyeniz Nedir?,Bireysel Gelir Seviyeniz Nedir?,Hanenizde Kaç Kişi Yaşamakta?,Hanenizde Kaç Kişinin Geliri Var?,Medeni Haliniz,1111 Sayılı Askerlik Kanunu Kapsamınca Zorunlu Askerlik Hizmetini Gerçekleştirmekle Yükümlü Müsünüz?,Zorunlu Askerlik Hizmetinizi Gerçekleştirdiniz mi?,Zorunlu Askerlik Hizmetini Ne zaman Gerçekleştirdiniz?,Zorunlu Askerlik Hizmetini Nasıl Gerçekleştirdiniz?,Şu Anki Askerlik Durumunuz Nedir?,Seçiminiz,Seçiminiz,Seçiminiz,Seçiminiz,Seçiminiz,Seçiminiz,Seçiminiz,Seçiminiz,Seçiminiz,Seçiminiz,"Aşağıdakilerden Hangisi Sizi Yansıtır. 
5 En Çok 
1 En az - Türkiye’yi tüm kalbiyle desteklemeyen insanlar başka bir yerde yaşamalıdır.","Aşağıdakilerden Hangisi Sizi Yansıtır. 
5 En Çok 
1 En az - Türkiye, hemen hemen her zaman haklıdır","Aşağıdakilerden Hangisi Sizi Yansıtır. 
5 En Çok 
1 En az - Haklı ya da haksız olsun ülkemi desteklerim.","Aşağıdakilerden Hangisi Sizi Yansıtır. 
5 En Çok 
1 En az - Türkiye’nin resmi Kıbrıs politikasını protesto edenler Türkiye karşıtıdır.","Aşağıdakilerden Hangisi Sizi Yansıtır. 
5 En Çok 
1 En az - Türkiye’nin politikalarına karşı protesto ve gösteri yapanlar büyük ölçüde zeki, sorumluluk sahibi ve iyi insanlardır.*","Aşağıdakilerden Hangisi Sizi Yansıtır. 
5 En Çok 
1 En az - Türkiye’nin politikalarının hemen her zaman ahlaken doğru olduğuna inanıyorum.","Aşağıdakilerden Hangisi Sizi Yansıtır. 
5 En Çok 
1 En az - Bir başka ülke, hakkında çok az şey bildiğim bir konuda Türkiye’nin önemli bir politikasıyla görüş ayrılığına düşerse, ille de ülkemin yaklaşımını desteklemem","Aşağıdakilerden Hangisi Sizi Yansıtır. 
5 En Çok 
1 En az - İnsanlar sürekli olarak Türkiye’de bir şeylerin akışını değiştirmeye çalışmamalıdır.","Aşağıdakilerden Hangisi Sizi Yansıtır. 
5 En Çok 
1 En az - Türkiye’nin politikalarını sırf benim ülkemin politikaları olduğu için desteklerim","Aşağıdakilerden Hangisi Sizi Yansıtır. 
5 En Çok 
1 En az - Dünyada Türkiye’ye yönelik zaten çok fazla eleştiri varken, biz yurttaşlar da onu eleştirmemeliyiz","Aşağıdakilerden Hangisi Sizi Yansıtır. 
5 En Çok 
1 En az - Bu ülkeyi eleştirmek Türkiye karşıtlığıdır","Aşağıdakilerden Hangisi Sizi Yansıtır. 
5 En Çok 
1 En az - Bu ülkeyi eleştirenler de dahil, tam bir konuşma özgürlüğüne sahip olmalıyız","Aşağıdakilerden Hangisi Sizi Yansıtır. 
5 En Çok 
1 En az - Türkiye’ye mensup olduğum için onun bazı eylemleri beni üzer.","Aşağıdakilerden Hangisi Sizi Yansıtır. 
5 En Çok 
1 En az - İnsanlar, bu ülkeyi olumlu bir yöne doğru hareket ettirmek için çok çalışmalıdı","Aşağıdakilerden Hangisi Sizi Yansıtır. 
5 En Çok 
1 En az - Eğer Türkiye’yi seviyorsan onun sorunlarının farkına varmalı ve onları düzeltmeye çalışmalısın","Aşağıdakilerden Hangisi Sizi Yansıtır. 
5 En Çok 
1 En az - Eğer Türkiye Cumhuriyetini eleştirirsem, bunu ona olan sevgimden dolayı yaparım","Aşağıdakilerden Hangisi Sizi Yansıtır. 
5 En Çok 
1 En az - Ülkeme önem verdiğim ve onu geliştirmek istediğim için Türkiye’nin bazı politikalarına karşı çıkarım","Aşağıdakilerden Hangisi Sizi Yansıtır. 
5 En Çok 
1 En az - Türkiye’ye olan sevgimi olumlu değişim çabalarını destekleyerek gösteririm.","Aşağıdakilerden Hangisi Sizi Yansıtır. 
5 En Çok 
1 En az - Ülke sevgim, popüler fakat yıkıcı olabilecek politikalara karşı çıkmamı gerektirir.","Aşağıdakilerden Hangisi Sizi Yansıtır. 
5 En Çok 
1 En az - Ülkemin güçlü olması kadar haklı olmasına da önem veririm.","Aşağıdakilerden Hangisi Sizi Yansıtır. 
5 En Çok 
1 En az - Evli olmayan çiftler baş başa tatile gidebilirler.*","Aşağıdakilerden Hangisi Sizi Yansıtır. 
5 En Çok 
1 En az - Devleti yönetenlerin dindar kişiler olmasını önemserim.","Aşağıdakilerden Hangisi Sizi Yansıtır. 
5 En Çok 
1 En az - Çocuğumun din eğitimi de alacağı bir okula gitmesini isterim.","Aşağıdakilerden Hangisi Sizi Yansıtır. 
5 En Çok 
1 En az - Alkol satılan yerlerden inancım gereği alışveriş yapmam.","Aşağıdakilerden Hangisi Sizi Yansıtır. 
5 En Çok 
1 En az - Dinî inancımla ilgili yayınları (televizyon, gazete, radyo, sosyal medya grupları, YouTube ve benzeri) takip ederim.","Aşağıdakilerden Hangisi Sizi Yansıtır. 
5 En Çok 
1 En az - İnancım gereği dar kıyafetler giymemeye dikkat ederim.","Aşağıdakilerden Hangisi Sizi Yansıtır. 
5 En Çok 
1 En az - İnancım gereği kadınlar ve erkekler için yüzme havuzları ayrı olmalıdır.","Aşağıdakilerden Hangisi Sizi Yansıtır. 
5 En Çok 
1 En az - İnancım gereği faizsiz katılım bankalarının tercih edilmesi gerektiğini düşünüyorum.","Aşağıdakilerden Hangisi Sizi Yansıtır. 
5 En Çok 
1 En az - Çocuğuma dinî inancımı çağrıştıracak isim koyarım.","Aşağıdakilerden Hangisi Sizi Yansıtır. 
5 En Çok 
1 En az - Arkadaşlarımın dindar kişiler olmasını isterim.","Aşağıdakilerden Hangisi Sizi Yansıtır. 
5 En Çok 
1 En az - Tatil için dinî inancıma uygun yerleri tercih ederim.","Aşağıdakilerden Hangisi Sizi Yansıtır. 
5 En Çok 
1 En az - Bir dernek veya vakfa bağış yapacak isem, onun dinî bir dernek veya vakıf olmasını tercih ederim.","Aşağıdakilerden Hangisi Sizi Yansıtır. 
5 En Çok 
1 En az - Bir eşcinsel çift ile komşu olmaktan rahatsızlık duymam.*","Aşağıdakilerden Hangisi Sizi Yansıtır. 
5 En Çok 
1 En az - İnancım gereği harem selamlık oturmayı tercih ederim.","Aşağıdakilerden Hangisi Sizi Yansıtır. 
5 En Çok 
1 En az - Kadınlar başörtüsü takmalıdır.","Aşağıdakilerden Hangisi Sizi Yansıtır. 
5 En Çok 
1 En az - Bir işe başlamadan önce besmele çekerim.","Aşağıdakilerden Hangisi Sizi Yansıtır. 
5 En Çok 
1 En az - Dinî kurallara uygun şekilde gömülmek isterim.","Aşağıdakilerden Hangisi Sizi Yansıtır. 
5 En Çok 
1 En az - Oruç tutarım.","Aşağıdakilerden Hangisi Sizi Yansıtır. 
5 En Çok 
1 En az - Çaresiz hissettiğim anlarda yüce bir güce sığınırım.","Aşağıdakilerden Hangisi Sizi Yansıtır. 
5 En Çok 
1 En az - Hayır ve şerrin Allah’tan olduğuna inanırım.","Aşağıdakilerden Hangisi Sizi Yansıtır. 
5 En Çok 
1 En az - Maddi durumum el verirse kurban keserim.","Aşağıdakilerden Hangisi Sizi Yansıtır. 
5 En Çok 
1 En az - İnsanlar bu dünyada yaptıklarının karşılığını öldükten sonra alacaklardır.","Aşağıdakilerden Hangisi Sizi Yansıtır. 
5 En Çok 
1 En az - Kandil geceleri ibadet ederim.","Aşağıdakilerden Hangisi Sizi Yansıtır. 
5 En Çok 
1 En az - Kur’an-ı Kerim kusursuz bir kitaptır.","Aşağıdakilerden Hangisi Sizi Yansıtır. 
5 En Çok 
1 En az - Maddi imkânlarım el verirse Hacca giderim.",block_1_scenario_id,block_1_standard,block_1_paid1_duration,block_1_paid1_price,block_1_paid2_duration,block_1_paid2_price,block_1_standard_price,block_2_scenario_id,block_2_standard,block_2_paid1_duration,block_2_paid1_price,block_2_paid2_duration,block_2_paid2_price,block_2_standard_price,block_3_scenario_id,block_3_standard,block_3_paid1_duration,block_3_paid1_price,block_3_paid2_duration,block_3_paid2_price,block_3_standard_price,block_4_scenario_id,block_4_standard,block_4_paid1_duration,block_4_paid1_price,block_4_paid2_duration,block_4_paid2_price,block_4_standard_price,block_5_scenario_id,block_5_standard,block_5_paid1_duration,block_5_paid1_price,block_5_paid2_duration,block_5_paid2_price,block_5_standard_price,block_6_scenario_id,block_6_standard,block_6_paid1_duration,block_6_paid1_price,block_6_paid2_duration,block_6_paid2_price,block_6_standard_price,used_scenarios,block_7_scenario_id,block_7_standard,block_7_paid1_duration,block_7_paid1_price,block_7_paid2_duration,block_7_paid2_price,block_7_standard_price,block_8_scenario_id,block_8_standard,block_8_paid1_duration,block_8_paid1_price,block_8_paid2_duration,block_8_paid2_price,block_8_standard_price,block_9_scenario_id,block_9_standard,block_9_paid1_duration,block_9_paid1_price,block_9_paid2_duration,block_9_paid2_price,block_9_standard_price,block_10_scenario_id,block_10_standard,block_10_paid1_duration,block_10_paid1_price,block_10_paid2_duration,block_10_paid2_price,block_10_standard_price
"{""ImportId"":""startDate"",""timeZone"":""Europe/Athens""}","{""ImportId"":""endDate"",""timeZone"":""Europe/Athens""}","{""ImportId"":""status""}","{""ImportId"":""ipAddress""}","{""ImportId"":""progress""}","{""ImportId"":""duration""}","{""ImportId"":""finished""}","{""ImportId"":""recordedDate"",""timeZone"":""Europe/Athens""}","{""ImportId"":""_recordId""}","{""ImportId"":""recipientLastName""}","{""ImportId"":""recipientFirstName""}","{""ImportId"":""recipientEmail""}","{""ImportId"":""externalDataReference""}","{""ImportId"":""locationLatitude""}","{""ImportId"":""locationLongitude""}","{""ImportId"":""distributionChannel""}","{""ImportId"":""userLanguage""}","{""ImportId"":""QID172807553""}","{""ImportId"":""QID11""}","{""ImportId"":""QID12""}","{""ImportId"":""QID13""}","{""ImportId"":""QID13_6_TEXT""}","{""ImportId"":""QID17""}","{""ImportId"":""QID25""}","{""ImportId"":""QID23""}","{""ImportId"":""QID24""}","{""ImportId"":""QID16""}","{""ImportId"":""QID9""}","{""ImportId"":""QID10""}","{""ImportId"":""QID19_TEXT""}","{""ImportId"":""QID20""}","{""ImportId"":""QID22""}","{""ImportId"":""QID31""}","{""ImportId"":""QID33""}","{""ImportId"":""QID35""}","{""ImportId"":""QID37""}","{""ImportId"":""QID39""}","{""ImportId"":""QID41""}","{""ImportId"":""QID43""}","{""ImportId"":""QID45""}","{""ImportId"":""QID47""}","{""ImportId"":""QID49""}","{""ImportId"":""QID50_1""}","{""ImportId"":""QID50_2""}","{""ImportId"":""QID50_3""}","{""ImportId"":""QID50_4""}","{""ImportId"":""QID50_5""}","{""ImportId"":""QID50_7""}","{""ImportId"":""QID50_11""}","{""ImportId"":""QID50_6""}","{""ImportId"":""QID50_14""}","{""ImportId"":""QID50_16""}","{""ImportId"":""QID50_18""}","{""ImportId"":""QID50_19""}","{""ImportId"":""QID50_21""}","{""ImportId"":""QID50_22""}","{""ImportId"":""QID50_20""}","{""ImportId"":""QID50_17""}","{""ImportId"":""QID50_15""}","{""ImportId"":""QID50_36""}","{""ImportId"":""QID50_31""}","{""ImportId"":""QID50_37""}","{""ImportId"":""QID51_1""}","{""ImportId"":""QID51_4""}","{""ImportId"":""QID51_5""}","{""ImportId"":""QID51_6""}","{""ImportId"":""QID51_7""}","{""ImportId"":""QID51_8""}","{""ImportId"":""QID51_9""}","{""ImportId"":""QID51_10""}","{""ImportId"":""QID51_11""}","{""ImportId"":""QID51_12""}","{""ImportId"":""QID51_13""}","{""ImportId"":""QID51_14""}","{""ImportId"":""QID51_15""}","{""ImportId"":""QID51_16""}","{""ImportId"":""QID51_17""}","{""ImportId"":""QID51_3""}","{""ImportId"":""QID51_18""}","{""ImportId"":""QID51_19""}","{""ImportId"":""QID51_20""}","{""ImportId"":""QID51_21""}","{""ImportId"":""QID51_22""}","{""ImportId"":""QID51_23""}","{""ImportId"":""QID51_24""}","{""ImportId"":""QID51_25""}","{""ImportId"":""QID51_26""}","{""ImportId"":""block_1_scenario_id""}","{""ImportId"":""block_1_standard""}","{""ImportId"":""block_1_paid1_duration""}","{""ImportId"":""block_1_paid1_price""}","{""ImportId"":""block_1_paid2_duration""}","{""ImportId"":""block_1_paid2_price""}","{""ImportId"":""block_1_standard_price""}","{""ImportId"":""block_2_scenario_id""}","{""ImportId"":""block_2_standard""}","{""ImportId"":""block_2_paid1_duration""}","{""ImportId"":""block_2_paid1_price""}","{""ImportId"":""block_2_paid2_duration""}","{""ImportId"":""block_2_paid2_price""}","{""ImportId"":""block_2_standard_price""}","{""ImportId"":""block_3_scenario_id""}","{""ImportId"":""block_3_standard""}","{""ImportId"":""block_3_paid1_duration""}","{""ImportId"":""block_3_paid1_price""}","{""ImportId"":""block_3_paid2_duration""}","{""ImportId"":""block_3_paid2_price""}","{""ImportId"":""block_3_standard_price""}","{""ImportId"":""block_4_scenario_id""}","{""ImportId"":""block_4_standard""}","{""ImportId"":""block_4_paid1_duration""}","{""ImportId"":""block_4_paid1_price""}","{""ImportId"":""block_4_paid2_duration""}","{""ImportId"":""block_4_paid2_price""}","{""ImportId"":""block_4_standard_price""}","{""ImportId"":""block_5_scenario_id""}","{""ImportId"":""block_5_standard""}","{""ImportId"":""block_5_paid1_duration""}","{""ImportId"":""block_5_paid1_price""}","{""ImportId"":""block_5_paid2_duration""}","{""ImportId"":""block_5_paid2_price""}","{""ImportId"":""block_5_standard_price""}","{""ImportId"":""block_6_scenario_id""}","{""ImportId"":""block_6_standard""}","{""ImportId"":""block_6_paid1_duration""}","{""ImportId"":""block_6_paid1_price""}","{""ImportId"":""block_6_paid2_duration""}","{""ImportId"":""block_6_paid2_price""}","{""ImportId"":""block_6_standard_price""}","{""ImportId"":""used_scenarios""}","{""ImportId"":""block_7_scenario_id""}","{""ImportId"":""block_7_standard""}","{""ImportId"":""block_7_paid1_duration""}","{""ImportId"":""block_7_paid1_price""}","{""ImportId"":""block_7_paid2_duration""}","{""ImportId"":""block_7_paid2_price""}","{""ImportId"":""block_7_standard_price""}","{""ImportId"":""block_8_scenario_id""}","{""ImportId"":""block_8_standard""}","{""ImportId"":""block_8_paid1_duration""}","{""ImportId"":""block_8_paid1_price""}","{""ImportId"":""block_8_paid2_duration""}","{""ImportId"":""block_8_paid2_price""}","{""ImportId"":""block_8_standard_price""}","{""ImportId"":""block_9_scenario_id""}","{""ImportId"":""block_9_standard""}","{""ImportId"":""block_9_paid1_duration""}","{""ImportId"":""block_9_paid1_price""}","{""ImportId"":""block_9_paid2_duration""}","{""ImportId"":""block_9_paid2_price""}","{""ImportId"":""block_9_standard_price""}","{""ImportId"":""block_10_scenario_id""}","{""ImportId"":""block_10_standard""}","{""ImportId"":""block_10_paid1_duration""}","{""ImportId"":""block_10_paid1_price""}","{""ImportId"":""block_10_paid2_duration""}","{""ImportId"":""block_10_paid2_price""}","{""ImportId"":""block_10_standard_price""}"
2025-12-25 20:59:13,2025-12-25 21:01:40,Survey Preview,,100,147,True,2025-12-25 21:01:41,R_9zjj4C4yoIuLA8F,,,,,41.0329,28.9529,preview,EN,Onaylıyorum.,25-29,Yüksek Lisans,İşsiz,,45.001₺ - 70.000₺,0 - 10.000₺,3,2,Bekar,Evet,Hayır,,,Tecilliyim.(Eğitim durumu vb.),Seçenek A,Seçenek B,Seçenek A,Seçenek B,Seçenek A,Seçenek A,Seçenek B,Seçenek A,Seçenek B,Seçenek A,Uygun,Uygun,Biraz Uygun,Biraz Uygun,Uygun,Biraz Uygun,Uygun,Uygun,Uygun,Uygun,Uygun,Uygun,Uygun,Uygun,Uygun,Biraz Uygun,Uygun,Biraz Uygun,Uygun,Biraz Uygun,Biraz Uygun,Biraz Uygun,Uygun,Biraz Uygun,Uygun Değil,Uygun Değil,Hiç Uygun Değil,Hiç Uygun Değil,Hiç Uygun Değil,Uygun Değil,Uygun Değil,Hiç Uygun Değil,Biraz Uygun,Uygun Değil,Hiç Uygun Değil,Hiç Uygun Değil,Biraz Uygun,Biraz Uygun,Uygun,Uygun,Biraz Uygun,Biraz Uygun,Biraz Uygun,Uygun Değil,Uygun,196,24,7,100000,4,340000,0,334,24,8,120000,0,280000,0,680,24,5,100000,4,340000,0,175,24,7,190000,2,310000,0,217,24,7,230000,6,370000,0,891,24,7,110000,6,370000,0,"196,334,680,175,217,891,480,640,791,849",480,24,6,370000,7,310000,0,640,24,1,290000,7,220000,0,791,24,9,450000,10,60000,0,849,24,5,120000,4,340000,0
2025-12-25 21:01:54,2025-12-25 21:04:41,Survey Preview,,100,167,True,2025-12-25 21:04:42,R_9JKCZV6WaRacZIx,,,,,41.0329,28.9529,preview,EN,Onaylıyorum.,18-20,M.Y Okulu,Tam Zamanlı,,120.001₺ - 145.000₺,30.001₺ - 40.000₺,2,2,Bekar,Evet,Hayır,,,Daha Çağrılmadım.,Seçenek B,Seçenek A,Seçenek A,Seçenek B,Seçenek A,Seçenek B,Seçenek A,Seçenek B,Seçenek B,Seçenek A,Uygun Değil 2,Biraz Uygun,Uygun,Uygun Değil 2,Biraz Uygun,Uygun Değil 2,Uygun,Biraz Uygun,Biraz Uygun,Biraz Uygun,Biraz Uygun,Biraz Uygun,Uygun,Uygun,Uygun,Biraz Uygun,Uygun,Biraz Uygun,Uygun,Uygun,Hiç Uygun Değil,Hiç Uygun Değil,Uygun Değil,Biraz Uygun,Uygun,Biraz Uygun,Uygun,Uygun,Biraz Uygun,Biraz Uygun,Biraz Uygun,Uygun,Biraz Uygun,Uygun,Uygun,Uygun,Çok Uygun,Uygun,Biraz Uygun,Biraz Uygun,Biraz Uygun,Biraz Uygun,Uygun,Uygun,Çok Uygun,823,24,5,220000,4,340000,0,341,24,8,340000,7,400000,0,538,24,5,90000,4,340000,0,801,24,19,1340000,20,150000,0,258,24,6,90000,5,350000,0,3,24,9,450000,10,190000,0,"823,341,538,801,258,3,67,787,865,233",67,24,0,280000,6,50000,0,787,24,14,670000,15,460000,0,865,24,18,1120000,19,530000,0,233,24,7,400000,8,220000,0
2025-12-25 21:04:55,2025-12-25 21:06:52,Survey Preview,,100,116,True,2025-12-25 21:06:52,R_9fM8hwnpYHe6FS9,,,,,41.0329,28.9529,preview,EN,Onaylıyorum.,25-29,Üniversite,Tam Zamanlı,,190.000₺ ve Üzeri,70001₺ ve Üzeri,3,2,Bekar,Evet,Hayır,,,Daha Çağrılmadım.,Seçenek A,Seçenek B,Seçenek A,Seçenek B,Seçenek B,Seçenek A,Seçenek B,Seçenek A,Seçenek B,Seçenek B,Uygun Değil 2,Biraz Uygun,Uygun,Biraz Uygun,Biraz Uygun,Biraz Uygun,Biraz Uygun,Uygun,Uygun,Uygun,Biraz Uygun,Uygun,Uygun,Uygun,Biraz Uygun,Biraz Uygun,Biraz Uygun,Biraz Uygun,Uygun Değil 2,Uygun Değil 2,Biraz Uygun,Biraz Uygun,Uygun,Biraz Uygun,Biraz Uygun,Uygun,Uygun,Biraz Uygun,Uygun,Biraz Uygun,Uygun,Biraz Uygun,Uygun,Uygun,Uygun,Uygun,Uygun,Uygun,Biraz Uygun,Biraz Uygun,Uygun,Biraz Uygun,Biraz Uygun,Biraz Uygun,Biraz Uygun,420,24,11,520000,12,240000,0,344,24,8,350000,7,400000,0,327,24,5,350000,7,130000,0,495,24,5,220000,4,340000,0,941,24,5,250000,0,280000,0,589,24,8,420000,9,240000,0,"420,344,327,495,941,589,804,25,499,71",804,24,6,250000,5,350000,0,25,24,7,90000,6,370000,0,499,24,7,100000,6,370000,0,71,24,15,750000,16,450000,0
2025-12-25 22:27:41,2025-12-25 22:32:48,Survey Preview,,100,307,True,2025-12-25 22:32:49,R_987ubqWXt0uMtNv,,,,,41.0329,28.9529,preview,EN,Onaylıyorum.,34-39,Yüksek Lisans,Tam Zamanlı,,190.000₺ ve Üzeri,70001₺ ve Üzeri,3,2,Evli,Evet,Hayır,,,Tecilliyim.(Eğitim durumu vb.),Seçenek B,Seçenek B,Seçenek B,Seçenek B,Seçenek A,Seçenek A,Seçenek B,Seçenek B,Seçenek B,Seçenek B,Uygun,Uygun,Biraz Uygun,Uygun,Biraz Uygun,Uygun Değil 2,Hiç Uygun Değil 1,Biraz Uygun,Uygun,Uygun,Uygun,Uygun,Biraz Uygun,Biraz Uygun,Uygun,Çok Uygun,Biraz Uygun,Biraz Uygun,Uygun,Biraz Uygun,Hiç Uygun Değil,Uygun,Çok Uygun,Çok Uygun,Biraz Uygun,Uygun,Uygun,Uygun,Çok Uygun,Uygun,Biraz Uygun,Uygun,Biraz Uygun,Uygun,Uygun,Çok Uygun,Uygun,Çok Uygun,Uygun,Çok Uygun,Uygun,Uygun,Uygun,Uygun,Uygun,225,24,5,220000,4,340000,0,140,24,6,180000,1,290000,0,711,24,7,230000,6,370000,0,518,24,4,140000,1,290000,0,195,24,6,370000,7,160000,0,980,24,7,240000,6,370000,0,"225,140,711,518,195,980,612,972,299,156",612,24,7,400000,8,270000,0,972,24,6,80000,4,340000,0,299,24,15,750000,16,110000,0,156,24,7,70000,5,350000,0
2025-12-25 22:32:57,2025-12-25 22:39:11,Survey Preview,,100,374,True,2025-12-25 22:39:11,R_9MSc5zFNQrr9pM5,,,,,41.0329,28.9529,preview,EN,Onaylıyorum.,25-29,Üniversite,İşsiz fakat iş arıyor,,45.001₺ - 70.000₺,30.001₺ - 40.000₺,5 ve Üzeri,1,Bekar,Evet,Hayır,,,Tecilliyim.(Eğitim durumu vb.),Seçenek C,Seçenek C,Seçenek C,Seçenek C,Seçenek C,Seçenek C,Seçenek C,Seçenek C,Seçenek C,Seçenek C,Çok Uygun,Çok Uygun,Çok Uygun,Çok Uygun,Uygun,Çok Uygun,Uygun,Çok Uygun,Uygun,Uygun,Uygun,Uygun,Çok Uygun,Çok Uygun,Uygun,Biraz Uygun,Uygun,Çok Uygun,Biraz Uygun,Çok Uygun,Uygun,Biraz Uygun,Biraz Uygun,Uygun,Çok Uygun,Uygun,Biraz Uygun,Uygun,Çok Uygun,Biraz Uygun,Uygun,Uygun,Biraz Uygun,Uygun,Uygun,Biraz Uygun,Çok Uygun,Uygun,Biraz Uygun,Biraz Uygun,Uygun Değil,Biraz Uygun,Uygun Değil,Uygun,Biraz Uygun,531,24,8,420000,9,360000,0,988,24,5,230000,4,340000,0,887,24,5,240000,4,340000,0,1,24,16,840000,17,300000,0,281,24,16,840000,17,420000,0,879,24,7,270000,6,370000,0,"531,988,887,1,281,879,270,338,101,356",270,24,2,310000,6,190000,0,338,24,6,140000,5,350000,0,101,24,5,250000,4,340000,0,356,24,7,260000,6,370000,0
2025-12-25 22:39:16,2025-12-25 22:44:29,Survey Preview,,100,313,True,2025-12-25 22:44:30,R_9pXoRskEQ17VUDr,,,,,41.0329,28.9529,preview,EN,Onaylıyorum.,20-24,M.Y Okulu,Yarı Zamanlı(Part-Time),,70.001₺ - 95.000₺,40.001₺ - 50.000₺,3,2,Evli,Evet,Hayır,,,Daha Çağrılmadım.,Seçenek A,Seçenek C,Seçenek A,Seçenek B,Seçenek A,Seçenek B,Seçenek A,Seçenek C,Seçenek C,Seçenek A,Uygun,Uygun,Biraz Uygun,Biraz Uygun,Uygun,Biraz Uygun,Uygun,Uygun,Çok Uygun,Uygun,Uygun,Biraz Uygun,Biraz Uygun,Uygun,Biraz Uygun,Uygun Değil 2,Uygun,Biraz Uygun,Uygun,Biraz Uygun,Uygun,Uygun,Biraz Uygun,Uygun,Uygun,Biraz Uygun,Biraz Uygun,Hiç Uygun Değil,Biraz Uygun,Uygun,Biraz Uygun,Biraz Uygun,Uygun,Uygun Değil,Biraz Uygun,Biraz Uygun,Çok Uygun,Çok Uygun,Uygun Değil,Uygun,Çok Uygun,Uygun,Biraz Uygun,Uygun,Uygun,955,24,5,90000,4,340000,0,966,24,10,480000,11,150000,0,244,24,5,260000,4,340000,0,317,24,7,160000,0,280000,0,435,24,7,150000,2,310000,0,431,24,3,320000,6,40000,0,"955,966,244,317,435,431,981,383,813,982",981,24,7,160000,6,370000,0,383,24,17,960000,18,690000,0,813,24,16,840000,17,700000,0,982,24,7,260000,6,370000,0
2025-12-25 22:44:38,2025-12-25 22:48:00,Survey Preview,,100,201,True,2025-12-25 22:48:00,R_9bAIZNAYy4dR7ON,,,,,41.0329,28.9529,preview,EN,Onaylıyorum.,18-20,Lise,Yarı Zamanlı(Part-Time),,70.001₺ - 95.000₺,30.001₺ - 40.000₺,2,2,Evli,Evet,Hayır,,,Daha Çağrılmadım.,Seçenek A,Seçenek C,Seçenek C,Seçenek B,Seçenek C,Seçenek C,Seçenek B,Seçenek C,Seçenek C,Seçenek B,Uygun Değil 2,Uygun Değil 2,Biraz Uygun,Biraz Uygun,Uygun Değil 2,Hiç Uygun Değil 1,Hiç Uygun Değil 1,Hiç Uygun Değil 1,Hiç Uygun Değil 1,Biraz Uygun,Uygun Değil 2,Uygun Değil 2,Biraz Uygun,Uygun Değil 2,Uygun Değil 2,Hiç Uygun Değil 1,Uygun Değil 2,Hiç Uygun Değil 1,Uygun Değil 2,Hiç Uygun Değil 1,Çok Uygun,Hiç Uygun Değil,Hiç Uygun Değil,Uygun Değil,Hiç Uygun Değil,Hiç Uygun Değil,Hiç Uygun Değil,Uygun Değil,Uygun Değil,Hiç Uygun Değil,Hiç Uygun Değil,Uygun Değil,Hiç Uygun Değil,Hiç Uygun Değil,Hiç Uygun Değil,Uygun Değil,Hiç Uygun Değil,Hiç Uygun Değil,Hiç Uygun Değil,Uygun Değil,Uygun Değil,Hiç Uygun Değil,Uygun Değil,Hiç Uygun Değil,Uygun Değil,770,24,5,300000,4,340000,0,488,24,12,560000,13,300000,0,177,24,6,370000,7,310000,0,786,24,4,340000,7,180000,0,987,24,16,840000,17,340000,0,788,24,18,1120000,19,790000,0,"770,488,177,786,987,788,632,714,143,134",632,24,8,420000,9,80000,0,714,24,15,750000,16,650000,0,143,24,8,210000,7,400000,0,134,24,8,420000,9,170000,0
2025-12-25 22:49:06,2025-12-25 22:53:45,Survey Preview,,100,279,True,2025-12-25 22:53:47,R_9thQYDRLVjO6G8K,,,,,41.0329,28.9529,preview,EN,Onaylıyorum.,25-29,Üniversite,İşsiz fakat iş arıyor,,95.001₺ - 120.000₺,30.001₺ - 40.000₺,3,3,Bekar,Evet,Hayır,,,Tecilliyim.(Eğitim durumu vb.),Seçenek A,Seçenek B,Seçenek A,Seçenek A,Seçenek B,Seçenek A,Seçenek A,Seçenek B,Seçenek A,Seçenek B,Uygun Değil 2,Biraz Uygun,Biraz Uygun,Uygun,Biraz Uygun,Uygun,Biraz Uygun,Uygun,Biraz Uygun,Uygun,Biraz Uygun,Çok Uygun,Biraz Uygun,Uygun,Biraz Uygun,Uygun,Biraz Uygun,Uygun,Uygun,Çok Uygun,Çok Uygun,Hiç Uygun Değil,Uygun Değil,Hiç Uygun Değil,Hiç Uygun Değil,Hiç Uygun Değil,Hiç Uygun Değil,Hiç Uygun Değil,Hiç Uygun Değil,Hiç Uygun Değil,Hiç Uygun Değil,Hiç Uygun Değil,Çok Uygun,Hiç Uygun Değil,Hiç Uygun Değil,Hiç Uygun Değil,Hiç Uygun Değil,Hiç Uygun Değil,Hiç Uygun Değil,Hiç Uygun Değil,Hiç Uygun Değil,Hiç Uygun Değil,Hiç Uygun Değil,Hiç Uygun Değil,Hiç Uygun Değil,924,24,7,160000,6,370000,0,774,24,9,450000,10,200000,0,341,24,8,340000,7,400000,0,914,24,8,220000,7,400000,0,593,24,13,610000,14,320000,0,495,24,5,220000,4,340000,0,"924,774,341,914,593,495,652,512,615,421",652,24,6,200000,5,350000,0,512,24,7,260000,2,310000,0,615,24,6,190000,5,350000,0,421,24,12,560000,13,200000,0
2025-12-25 22:53:52,2025-12-25 23:11:22,Survey Preview,,100,1049,True,2025-12-25 23:11:23,R_92YjG6dVfEopRR9,,,,,41.0329,28.9529,preview,EN,Onaylıyorum.,20-24,Lise,İşsiz fakat iş arıyor,,25.001₺ - 45.000₺,0 - 10.000₺,3,2,Bekar,Evet,Hayır,,,Tecilliyim.(Eğitim durumu vb.),Seçenek A,Seçenek B,Seçenek A,Seçenek B,Seçenek A,Seçenek A,Seçenek A,Seçenek B,Seçenek A,Seçenek A,Uygun,Biraz Uygun,Çok Uygun,Çok Uygun,Uygun Değil 2,Uygun,Uygun Değil 2,Biraz Uygun,Çok Uygun,Uygun,Hiç Uygun Değil 1,Uygun Değil 2,Uygun,Çok Uygun,Uygun,Çok Uygun,Uygun,Çok Uygun,Uygun,Çok Uygun,Çok Uygun,Hiç Uygun Değil,Hiç Uygun Değil,Hiç Uygun Değil,Hiç Uygun Değil,Hiç Uygun Değil,Hiç Uygun Değil,Hiç Uygun Değil,Hiç Uygun Değil,Hiç Uygun Değil,Hiç Uygun Değil,Hiç Uygun Değil,Çok Uygun,Hiç Uygun Değil,Hiç Uygun Değil,Hiç Uygun Değil,Hiç Uygun Değil,Hiç Uygun Değil,Hiç Uygun Değil,Uygun,Hiç Uygun Değil,Hiç Uygun Değil,Hiç Uygun Değil,Çok Uygun,Hiç Uygun Değil,900,24,6,370000,7,100000,0,527,24,6,370000,7,320000,0,553,24,5,230000,4,340000,0,929,24,14,670000,15,80000,0,213,24,0,280000,8,90000,0,205,24,8,170000,7,400000,0,"900,527,553,929,213,205,196,818,161,807",196,24,7,100000,4,340000,0,818,24,4,220000,0,280000,0,161,24,5,200000,4,340000,0,807,24,3,320000,6,280000,0
2025-12-25 23:11:41,2025-12-25 23:23:03,Survey Preview,,100,681,True,2025-12-25 23:23:03,R_9axcuPQBv4HHtNE,,,,,41.0329,28.9529,preview,EN,Onaylıyorum.,34-39,Yüksek Lisans,Tam Zamanlı,,190.000₺ ve Üzeri,70001₺ ve Üzeri,3,2,Evli,Evet,Hayır,,,Tecilliyim.(Eğitim durumu vb.),Seçenek B,Seçenek B,Seçenek B,Seçenek B,Seçenek B,Seçenek A,Seçenek A,Seçenek A,Seçenek B,Seçenek A,Hiç Uygun Değil 1,Hiç Uygun Değil 1,Çok Uygun,Hiç Uygun Değil 1,Uygun Değil 2,Hiç Uygun Değil 1,Uygun Değil 2,Hiç Uygun Değil 1,Hiç Uygun Değil 1,Biraz Uygun,Uygun Değil 2,Hiç Uygun Değil 1,Uygun,Uygun,Çok Uygun,Çok Uygun,Uygun,Çok Uygun,Çok Uygun,Uygun,Uygun Değil,Uygun,Uygun,Uygun Değil,Uygun,Biraz Uygun,Uygun,Uygun,Biraz Uygun,Uygun,Uygun Değil,Uygun Değil,Uygun,Biraz Uygun,Uygun,Uygun,Biraz Uygun,Biraz Uygun,Uygun,Uygun,Uygun,Uygun,Uygun,Çok Uygun,Çok Uygun,772,24,7,250000,2,310000,0,75,24,17,960000,18,370000,0,704,24,5,280000,4,340000,0,3,24,9,450000,10,190000,0,767,24,9,450000,10,160000,0,505,24,7,80000,6,370000,0,"772,75,704,3,767,505,567,257,867,888",567,24,5,180000,4,340000,0,257,24,7,200000,6,370000,0,867,24,4,340000,6,150000,0,888,24,8,140000,5,350000,0
